Date,Open,High,Low,Close
2025-08-28 13:30:00+00:00,647.239990234375,648.0900268554688,645.3400268554688,645.9550170898438
2025-08-28 14:30:00+00:00,645.97998046875,647.6558227539062,645.9400024414062,646.25
2025-08-28 15:30:00+00:00,646.2750244140625,648.4199829101562,646.239990234375,648.1500244140625
2025-08-28 16:30:00+00:00,648.1500244140625,648.364990234375,647.4500122070312,648.125
2025-08-28 17:30:00+00:00,648.1300048828125,648.6799926757812,648.0750122070312,648.64501953125
2025-08-28 18:30:00+00:00,648.6500244140625,649.25,648.6300048828125,648.9600219726562
2025-08-28 19:30:00+00:00,648.9500122070312,649.47998046875,648.72998046875,648.8599853515625
2025-08-29 13:30:00+00:00,647.489990234375,647.7581176757812,643.6300048828125,644.6688232421875
2025-08-29 14:30:00+00:00,644.6699829101562,645.1099853515625,643.1400146484375,644.4099731445312
2025-08-29 15:30:00+00:00,644.1599731445312,644.760009765625,643.7100219726562,644.1699829101562
2025-08-29 16:30:00+00:00,644.1799926757812,645.0399169921875,643.4600219726562,644.0
2025-08-29 17:30:00+00:00,644.0,645.0142211914062,643.8400268554688,644.2650146484375
2025-08-29 18:30:00+00:00,644.2650146484375,644.989990234375,644.172119140625,644.5800170898438
2025-08-29 19:30:00+00:00,644.5800170898438,645.1400146484375,643.760009765625,644.989990234375
2025-09-02 13:30:00+00:00,637.5,640.1400146484375,636.0499877929688,639.469970703125
2025-09-02 14:30:00+00:00,639.4500122070312,639.6300048828125,636.1699829101562,636.5599975585938
2025-09-02 15:30:00+00:00,636.5499877929688,636.5679931640625,634.9199829101562,635.6099853515625
2025-09-02 16:30:00+00:00,635.6099853515625,637.8499755859375,635.6099853515625,637.6400146484375
2025-09-02 17:30:00+00:00,637.6300048828125,639.0349731445312,637.6300048828125,637.7265014648438
2025-09-02 18:30:00+00:00,637.719970703125,639.3099975585938,637.3200073242188,639.1400146484375
2025-09-02 19:30:00+00:00,639.1300048828125,640.489990234375,639.0399780273438,640.3300170898438
2025-09-03 13:30:00+00:00,642.6099853515625,643.22998046875,641.5900268554688,642.3612060546875
2025-09-03 14:30:00+00:00,642.3599853515625,644.2100219726562,642.2899780273438,642.4299926757812
2025-09-03 15:30:00+00:00,642.4600219726562,643.125,641.9949951171875,642.4299926757812
2025-09-03 16:30:00+00:00,642.4400024414062,642.8499755859375,641.4299926757812,642.27001953125
2025-09-03 17:30:00+00:00,642.260009765625,642.4299926757812,640.5399780273438,641.1300048828125
2025-09-03 18:30:00+00:00,641.1099853515625,641.280029296875,640.4600219726562,641.02001953125
2025-09-03 19:30:00+00:00,641.0399780273438,643.72998046875,641.010009765625,643.6400146484375
2025-09-04 13:30:00+00:00,644.4199829101562,645.2999877929688,643.510009765625,644.8800048828125
2025-09-04 14:30:00+00:00,644.8699951171875,646.4349975585938,644.8400268554688,646.2108154296875
2025-09-04 15:30:00+00:00,646.219970703125,646.5900268554688,645.8200073242188,645.9500122070312
2025-09-04 16:30:00+00:00,645.9400024414062,646.969970703125,645.8099975585938,646.8593139648438
2025-09-04 17:30:00+00:00,646.8400268554688,647.6099853515625,646.5900268554688,647.22998046875
2025-09-04 18:30:00+00:00,647.22998046875,648.25,647.0800170898438,647.9149780273438
2025-09-04 19:30:00+00:00,647.9099731445312,649.1500244140625,647.8099975585938,648.989990234375
2025-09-05 13:30:00+00:00,651.6099853515625,652.2100219726562,646.0499877929688,646.5599975585938
2025-09-05 14:30:00+00:00,646.52001953125,646.6599731445312,643.3300170898438,646.2050170898438
2025-09-05 15:30:00+00:00,646.2100219726562,646.9000244140625,645.2899780273438,645.7249755859375
2025-09-05 16:30:00+00:00,645.739990234375,646.5499877929688,645.3300170898438,645.8499755859375
2025-09-05 17:30:00+00:00,645.8699951171875,646.0599975585938,644.6099853515625,645.7098999023438
2025-09-05 18:30:00+00:00,645.6900024414062,647.4099731445312,645.6900024414062,647.1099853515625
2025-09-05 19:30:00+00:00,647.1199951171875,647.27001953125,646.1500244140625,647.219970703125
2025-09-08 13:30:00+00:00,648.6199951171875,649.0599975585938,647.75,648.77001953125
2025-09-08 14:30:00+00:00,648.7550048828125,649.8099975585938,648.6599731445312,649.7999877929688
2025-09-08 15:30:00+00:00,649.7899780273438,649.8400268554688,648.3800048828125,648.6300048828125
2025-09-08 16:30:00+00:00,648.6300048828125,648.8049926757812,647.780029296875,648.47998046875
2025-09-08 17:30:00+00:00,648.4899291992188,648.6799926757812,647.22998046875,648.39501953125
2025-09-08 18:30:00+00:00,648.3900146484375,648.5800170898438,647.3350219726562,647.5800170898438
2025-09-08 19:30:00+00:00,647.5800170898438,648.8800048828125,647.469970703125,648.7999877929688
2025-09-09 13:30:00+00:00,648.9500122070312,649.72998046875,648.4299926757812,648.7550048828125
2025-09-09 14:30:00+00:00,648.739990234375,648.8350219726562,647.219970703125,648.77001953125
2025-09-09 15:30:00+00:00,648.760009765625,649.0599975585938,648.0399780273438,648.8599853515625
2025-09-09 16:30:00+00:00,648.85498046875,649.7999877929688,648.7650146484375,649.5650024414062
2025-09-09 17:30:00+00:00,649.5650024414062,649.989990234375,649.47998046875,649.8300170898438
2025-09-09 18:30:00+00:00,649.8400268554688,650.1400146484375,649.5499877929688,650.0650024414062
2025-09-09 19:30:00+00:00,650.0650024414062,650.8599853515625,649.6950073242188,650.3200073242188
2025-09-10 13:30:00+00:00,653.6199951171875,654.5499877929688,652.6799926757812,653.9400024414062
2025-09-10 14:30:00+00:00,653.9099731445312,654.030029296875,652.4600219726562,652.8200073242188
2025-09-10 15:30:00+00:00,652.8300170898438,653.6300048828125,652.340087890625,652.635009765625
2025-09-10 16:30:00+00:00,652.6400146484375,653.4600219726562,652.1099853515625,652.2899780273438
2025-09-10 17:30:00+00:00,652.2899780273438,652.719970703125,651.4000244140625,651.6900024414062
2025-09-10 18:30:00+00:00,651.6900024414062,652.139892578125,650.6300048828125,650.8400268554688
2025-09-10 19:30:00+00:00,650.9299926757812,652.7000122070312,650.6900024414062,652.2249755859375
2025-09-11 13:30:00+00:00,654.219970703125,656.25,653.5900268554688,655.9600219726562
2025-09-11 14:30:00+00:00,655.9550170898438,657.5900268554688,655.85498046875,657.4199829101562
2025-09-11 15:30:00+00:00,657.4199829101562,657.7999877929688,656.6400146484375,657.3499755859375
2025-09-11 16:30:00+00:00,657.3599853515625,657.5549926757812,656.85498046875,657.1199951171875
2025-09-11 17:30:00+00:00,657.114990234375,657.6599731445312,657.010009765625,657.3300170898438
2025-09-11 18:30:00+00:00,657.3300170898438,657.8300170898438,657.1599731445312,657.760009765625
2025-09-11 19:30:00+00:00,657.75,658.3300170898438,657.4650268554688,657.5900268554688
2025-09-12 13:30:00+00:00,657.5999755859375,658.2000122070312,657.14501953125,657.969970703125
2025-09-12 14:30:00+00:00,657.9600219726562,658.47998046875,657.6199951171875,657.6400146484375
2025-09-12 15:30:00+00:00,657.6400146484375,658.0599975585938,657.2100219726562,658.0499877929688
2025-09-12 16:30:00+00:00,658.0499877929688,658.280029296875,657.6500244140625,658.0999755859375
2025-09-12 17:30:00+00:00,658.0999755859375,658.5650024414062,657.9000244140625,658.5050048828125
2025-09-12 18:30:00+00:00,658.5050048828125,659.1099853515625,658.0700073242188,658.1699829101562
2025-09-12 19:30:00+00:00,658.1699829101562,658.3300170898438,656.9000244140625,657.4000244140625
2025-09-15 13:30:00+00:00,659.6400146484375,660.7349853515625,659.47998046875,660.6799926757812
2025-09-15 14:30:00+00:00,660.6599731445312,661.0399780273438,660.22998046875,660.3594970703125
2025-09-15 15:30:00+00:00,660.3499755859375,660.8900756835938,660.239990234375,660.6019897460938
2025-09-15 16:30:00+00:00,660.60498046875,660.8798828125,659.530029296875,659.75
2025-09-15 17:30:00+00:00,659.739990234375,660.6599731445312,659.7000122070312,659.9000244140625
2025-09-15 18:30:00+00:00,659.9000244140625,660.1599731445312,659.3400268554688,660.0700073242188
2025-09-15 19:30:00+00:00,660.0700073242188,660.9099731445312,659.760009765625,660.8499755859375
2025-09-16 13:30:00+00:00,661.469970703125,661.780029296875,659.6300048828125,659.9450073242188
2025-09-16 14:30:00+00:00,659.9400024414062,660.2999877929688,659.3900146484375,659.6300048828125
2025-09-16 15:30:00+00:00,659.6199951171875,659.9600219726562,659.2100219726562,659.905029296875
2025-09-16 16:30:00+00:00,659.9000244140625,660.4400024414062,659.47998046875,660.260009765625
2025-09-16 17:30:00+00:00,660.27001953125,660.405029296875,659.9266967773438,660.1900024414062
2025-09-16 18:30:00+00:00,660.2000122070312,660.739990234375,660.030029296875,660.14501953125
2025-09-16 19:30:00+00:00,660.1400146484375,660.6599731445312,659.6799926757812,659.9299926757812
2025-09-17 13:30:00+00:00,660.010009765625,660.655029296875,659.0900268554688,659.1599731445312
2025-09-17 14:30:00+00:00,659.1699829101562,659.6699829101562,658.864990234375,658.9400024414062
2025-09-17 15:30:00+00:00,658.9450073242188,659.3400268554688,658.72998046875,658.9299926757812
2025-09-17 16:30:00+00:00,658.9299926757812,658.9849853515625,658.1300048828125,658.64501953125
2025-09-17 17:30:00+00:00,658.6500244140625,661.719970703125,657.1300048828125,660.3499755859375
2025-09-17 18:30:00+00:00,660.3599853515625,660.6799926757812,654.2999877929688,660.1849975585938
2025-09-17 19:30:00+00:00,660.2000122070312,660.5700073242188,658.5,659.1799926757812
2025-09-18 13:30:00+00:00,661.8900146484375,664.489990234375,660.27001953125,664.4000244140625
2025-09-18 14:30:00+00:00,664.3800048828125,664.8900146484375,662.5999755859375,663.3250122070312
2025-09-18 15:30:00+00:00,663.3099975585938,663.9400024414062,662.1751098632812,663.4600219726562
2025-09-18 16:30:00+00:00,663.4600219726562,664.22998046875,663.2650146484375,663.3200073242188
2025-09-18 17:30:00+00:00,663.3200073242188,663.4500122070312,662.52001953125,662.7750244140625
2025-09-18 18:30:00+00:00,662.780029296875,663.510009765625,662.3400268554688,662.7100219726562
2025-09-18 19:30:00+00:00,662.7000122070312,663.0399780273438,661.9550170898438,662.2899780273438
2025-09-19 13:30:00+00:00,662.3300170898438,662.7000122070312,661.3200073242188,661.9199829101562
2025-09-19 14:30:00+00:00,661.9000244140625,662.2100219726562,660.6300048828125,660.760009765625
2025-09-19 15:30:00+00:00,660.739990234375,662.6799926757812,660.3699951171875,662.489990234375
2025-09-19 16:30:00+00:00,662.47998046875,662.760009765625,662.1300048828125,662.47998046875
2025-09-19 17:30:00+00:00,662.47998046875,662.8900146484375,662.3250122070312,662.530029296875
2025-09-19 18:30:00+00:00,662.52001953125,664.0499267578125,662.4199829101562,663.7999877929688
2025-09-19 19:30:00+00:00,663.7899780273438,664.5499877929688,663.385009765625,663.6199951171875
2025-09-22 13:30:00+00:00,662.2000122070312,664.1400146484375,662.1699829101562,664.0800170898438
2025-09-22 14:30:00+00:00,664.0700073242188,665.3200073242188,663.89501953125,664.9400024414062
2025-09-22 15:30:00+00:00,664.9400024414062,665.9299926757812,664.47998046875,665.844970703125
2025-09-22 16:30:00+00:00,665.844970703125,666.530029296875,665.7899780273438,666.510009765625
2025-09-22 17:30:00+00:00,666.5050048828125,666.780029296875,666.030029296875,666.5650024414062
2025-09-22 18:30:00+00:00,666.5700073242188,667.239990234375,666.4600219726562,667.1420288085938
2025-09-22 19:30:00+00:00,667.1400146484375,667.2899780273438,666.7100219726562,666.780029296875
2025-09-23 13:30:00+00:00,666.719970703125,667.3400268554688,666.3599853515625,666.6199951171875
2025-09-23 14:30:00+00:00,666.6300048828125,666.760009765625,666.02001953125,666.1500244140625
2025-09-23 15:30:00+00:00,666.1500244140625,666.239990234375,664.969970703125,665.239990234375
2025-09-23 16:30:00+00:00,665.2349853515625,665.8400268554688,663.6900024414062,663.7080078125
2025-09-23 17:30:00+00:00,663.7000732421875,663.8499755859375,662.0349731445312,662.6749877929688
2025-09-23 18:30:00+00:00,662.6500244140625,663.3198852539062,661.97998046875,662.369873046875
2025-09-23 19:30:00+00:00,662.3699951171875,663.5399780273438,662.2899780273438,663.25
2025-09-24 13:30:00+00:00,664.510009765625,664.6099853515625,662.4199829101562,663.2100219726562
2025-09-24 14:30:00+00:00,663.1900024414062,663.655029296875,662.4000244140625,662.6599731445312
2025-09-24 15:30:00+00:00,662.6500244140625,662.6849975585938,659.6699829101562,660.9099731445312
2025-09-24 16:30:00+00:00,660.9199829101562,661.6799926757812,660.4000244140625,661.3699951171875
2025-09-24 17:30:00+00:00,661.3800048828125,661.7999877929688,659.9600219726562,660.385009765625
2025-09-24 18:30:00+00:00,660.3900146484375,661.1500244140625,660.260009765625,660.7949829101562
2025-09-24 19:30:00+00:00,660.8099975585938,661.3800048828125,660.4849853515625,661.030029296875
2025-09-25 13:30:00+00:00,657.9400024414062,659.1500244140625,655.0800170898438,658.47998046875
2025-09-25 14:30:00+00:00,658.47998046875,659.0999755859375,657.1900024414062,657.4600219726562
2025-09-25 15:30:00+00:00,657.4600219726562,659.4055786132812,657.4600219726562,658.010009765625
2025-09-25 16:30:00+00:00,658.030029296875,658.97998046875,656.5700073242188,657.2949829101562
2025-09-25 17:30:00+00:00,657.280029296875,657.4650268554688,654.405029296875,656.989990234375
2025-09-25 18:30:00+00:00,656.97998046875,658.155029296875,656.6599731445312,657.4500122070312
2025-09-25 19:30:00+00:00,657.4500122070312,658.260009765625,657.0399780273438,657.9500122070312
2025-09-26 13:30:00+00:00,659.510009765625,662.3699951171875,657.8800048828125,658.781005859375
2025-09-26 14:30:00+00:00,658.7899780273438,659.9600219726562,658.0499877929688,659.9299926757812
2025-09-26 15:30:00+00:00,659.9149780273438,660.760009765625,658.5,660.4534301757812
2025-09-26 16:30:00+00:00,660.4498901367188,661.739990234375,660.0700073242188,661.625
2025-09-26 17:30:00+00:00,661.6300048828125,662.02001953125,660.760009765625,661.7249755859375
2025-09-26 18:30:00+00:00,661.739990234375,662.1400146484375,661.2999877929688,661.5999755859375
2025-09-26 19:30:00+00:00,661.6019897460938,661.9500122070312,661.1500244140625,661.72998046875
2025-09-29 13:30:00+00:00,664.3599853515625,665.280029296875,663.7249755859375,664.760009765625
2025-09-29 14:30:00+00:00,664.760009765625,665.1699829101562,663.2100219726562,663.530029296875
2025-09-29 15:30:00+00:00,663.5399780273438,663.7999877929688,662.8400268554688,663.469970703125
2025-09-29 16:30:00+00:00,663.47998046875,663.7000122070312,662.4000244140625,662.5599975585938
2025-09-29 17:30:00+00:00,662.5700073242188,663.594970703125,662.1900024414062,663.4600219726562
2025-09-29 18:30:00+00:00,663.469970703125,663.5800170898438,661.8599853515625,662.64501953125
2025-09-29 19:30:00+00:00,662.6400146484375,663.760009765625,662.6099853515625,663.5999755859375
2025-09-30 13:30:00+00:00,662.9299926757812,663.5512084960938,661.9692993164062,662.8571166992188
2025-09-30 14:30:00+00:00,662.8499755859375,663.6300048828125,661.6099853515625,662.22998046875
2025-09-30 15:30:00+00:00,662.2249755859375,664.0526733398438,661.8900146484375,663.405029296875
2025-09-30 16:30:00+00:00,663.4099731445312,663.6649780273438,661.780029296875,662.1300048828125
2025-09-30 17:30:00+00:00,662.1199951171875,664.030029296875,661.81201171875,663.8800048828125
2025-09-30 18:30:00+00:00,663.8699951171875,665.510009765625,663.5999755859375,665.3699951171875
2025-09-30 19:30:00+00:00,665.3800048828125,666.6500244140625,664.8499755859375,666.0900268554688
2025-10-01 13:30:00+00:00,663.1699829101562,665.7100219726562,663.0599975585938,665.530029296875
2025-10-01 14:30:00+00:00,665.530029296875,666.4400024414062,665.260009765625,666.3099975585938
2025-10-01 15:30:00+00:00,666.3099975585938,667.1799926757812,666.3099975585938,666.9199829101562
2025-10-01 16:30:00+00:00,666.9199829101562,668.0900268554688,666.4299926757812,667.969970703125
2025-10-01 17:30:00+00:00,667.97998046875,668.9349975585938,667.60498046875,668.77001953125
2025-10-01 18:30:00+00:00,668.7750244140625,669.3699951171875,668.7249755859375,669.125
2025-10-01 19:30:00+00:00,669.1199951171875,669.260009765625,668.489990234375,668.5
2025-10-02 13:30:00+00:00,670.4500122070312,670.5650024414062,668.2899780273438,668.7113037109375
2025-10-02 14:30:00+00:00,668.719970703125,669.02001953125,667.02001953125,667.6699829101562
2025-10-02 15:30:00+00:00,667.6488037109375,668.4199829101562,666.780029296875,668.138916015625
2025-10-02 16:30:00+00:00,668.1300048828125,668.7100219726562,667.5499877929688,668.5098876953125
2025-10-02 17:30:00+00:00,668.510009765625,669.6699829101562,668.3319091796875,669.5800170898438
2025-10-02 18:30:00+00:00,669.5800170898438,669.72998046875,669.219970703125,669.4749755859375
2025-10-02 19:30:00+00:00,669.47998046875,669.489990234375,668.8200073242188,669.1500244140625
2025-10-03 13:30:00+00:00,669.989990234375,671.5700073242188,669.9299926757812,671.3831787109375
2025-10-03 14:30:00+00:00,671.39501953125,672.280029296875,671.3200073242188,671.7713012695312
2025-10-03 15:30:00+00:00,671.77001953125,672.6749877929688,671.3499755859375,672.4600219726562
2025-10-03 16:30:00+00:00,672.4500122070312,672.5449829101562,670.3200073242188,670.3300170898438
2025-10-03 17:30:00+00:00,670.3300170898438,670.9500122070312,668.1599731445312,670.52001953125
2025-10-03 18:30:00+00:00,670.5369873046875,670.6849975585938,669.280029296875,669.6199951171875
2025-10-03 19:30:00+00:00,669.6099853515625,670.239990234375,668.780029296875,669.2000122070312
2025-10-06 13:30:00+00:00,671.6199951171875,671.6500244140625,669.4550170898438,670.5150146484375
2025-10-06 14:30:00+00:00,670.5150146484375,671.375,670.14501953125,671.1500244140625
2025-10-06 15:30:00+00:00,671.1500244140625,671.9249877929688,671.0449829101562,671.8206787109375
2025-10-06 16:30:00+00:00,671.8300170898438,672.3200073242188,671.3300170898438,672.0599975585938
2025-10-06 17:30:00+00:00,672.0800170898438,672.469970703125,671.7899780273438,672.239990234375
2025-10-06 18:30:00+00:00,672.2484130859375,672.510009765625,671.6500244140625,671.7550048828125
2025-10-06 19:30:00+00:00,671.75,672.0900268554688,671.5399780273438,671.5800170898438
2025-10-07 13:30:00+00:00,672.5399780273438,672.989990234375,671.260009765625,671.27001953125
2025-10-07 14:30:00+00:00,671.2750244140625,671.6900024414062,668.8099975585938,669.2899780273438
2025-10-07 15:30:00+00:00,669.280029296875,669.4000244140625,667.6699829101562,668.4000244140625
2025-10-07 16:30:00+00:00,668.4000244140625,669.5399780273438,668.1300048828125,668.989990234375
2025-10-07 17:30:00+00:00,668.9199829101562,669.1900024414062,667.8099975585938,668.6295776367188
2025-10-07 18:30:00+00:00,668.625,669.1400146484375,668.530029296875,668.5700073242188
2025-10-07 19:30:00+00:00,668.5700073242188,669.4000244140625,668.5499877929688,669.1300048828125
2025-10-08 13:30:00+00:00,670.25,671.9600219726562,669.4199829101562,671.8900146484375
2025-10-08 14:30:00+00:00,671.885009765625,672.72998046875,671.3400268554688,672.5449829101562
2025-10-08 15:30:00+00:00,672.5399780273438,673.0985107421875,672.3599853515625,672.6400146484375
2025-10-08 16:30:00+00:00,672.6400146484375,673.030029296875,672.22998046875,672.89501953125
2025-10-08 17:30:00+00:00,672.89501953125,673.1400146484375,672.469970703125,672.7999877929688
2025-10-08 18:30:00+00:00,672.8099975585938,673.010009765625,672.1500244140625,672.89501953125
2025-10-08 19:30:00+00:00,672.8900146484375,673.2056274414062,672.6599731445312,673.0399780273438
2025-10-09 13:30:00+00:00,673.530029296875,673.9400024414062,671.1199951171875,671.2249755859375
2025-10-09 14:30:00+00:00,671.22998046875,671.8510131835938,669.969970703125,670.75
2025-10-09 15:30:00+00:00,670.75,671.5800170898438,669.989990234375,670.9650268554688
2025-10-09 16:30:00+00:00,670.969970703125,671.125,669.3400268554688,669.4688110351562
2025-10-09 17:30:00+00:00,669.4600219726562,670.3800048828125,669.2100219726562,669.8200073242188
2025-10-09 18:30:00+00:00,669.8099975585938,670.6699829101562,669.5184936523438,670.510009765625
2025-10-09 19:30:00+00:00,670.510009765625,671.260009765625,670.4400024414062,671.1900024414062
2025-10-10 13:30:00+00:00,672.1300048828125,673.9500122070312,671.7999877929688,672.5700073242188
2025-10-10 14:30:00+00:00,672.5900268554688,673.0650024414062,661.9299926757812,662.4400024414062
2025-10-10 15:30:00+00:00,662.4400024414062,664.0900268554688,659.469970703125,661.5700073242188
2025-10-10 16:30:00+00:00,661.5800170898438,662.755615234375,657.739990234375,659.780029296875
2025-10-10 17:30:00+00:00,659.77001953125,660.9299926757812,658.6400146484375,659.0999755859375
2025-10-10 18:30:00+00:00,659.0999755859375,659.510009765625,655.510009765625,655.989990234375
2025-10-10 19:30:00+00:00,656.010009765625,656.8099975585938,652.8400268554688,653.1099853515625
2025-10-13 13:30:00+00:00,660.6500244140625,663.22998046875,659.7999877929688,660.8499755859375
2025-10-13 14:30:00+00:00,660.8800048828125,662.8499755859375,659.7678833007812,662.719970703125
2025-10-13 15:30:00+00:00,662.719970703125,665.1300048828125,662.22998046875,663.489990234375
2025-10-13 16:30:00+00:00,663.4849853515625,664.6099853515625,662.9149780273438,663.1199951171875
2025-10-13 17:30:00+00:00,663.1300048828125,664.0499877929688,662.3699951171875,663.9400024414062
2025-10-13 18:30:00+00:00,663.9349975585938,664.27001953125,661.6799926757812,662.8192749023438
2025-10-13 19:30:00+00:00,662.7999877929688,663.6500244140625,662.6300048828125,663.0499877929688
2025-10-14 13:30:00+00:00,657.1699829101562,659.9099731445312,653.1699829101562,659.7899780273438
2025-10-14 14:30:00+00:00,659.780029296875,661.1099853515625,659.040771484375,659.6749877929688
2025-10-14 15:30:00+00:00,659.6799926757812,663.9600219726562,659.6400146484375,663.635009765625
2025-10-14 16:30:00+00:00,663.6400146484375,665.6400146484375,663.5700073242188,665.3499755859375
2025-10-14 17:30:00+00:00,665.3400268554688,665.8300170898438,664.3900146484375,665.1199951171875
2025-10-14 18:30:00+00:00,665.1099853515625,665.3599853515625,664.4520263671875,664.7899780273438
2025-10-14 19:30:00+00:00,664.7899780273438,664.7999877929688,660.280029296875,662.2000122070312
2025-10-15 13:30:00+00:00,666.8200073242188,670.22998046875,666.0499877929688,669.6099853515625
2025-10-15 14:30:00+00:00,669.6300048828125,669.89501953125,667.6500244140625,667.7100219726562
2025-10-15 15:30:00+00:00,667.6900024414062,667.8400268554688,663.9149780273438,665.5900268554688
2025-10-15 16:30:00+00:00,665.5800170898438,665.760009765625,658.9299926757812,660.8599853515625
2025-10-15 17:30:00+00:00,660.8900146484375,664.9099731445312,660.7000122070312,664.3109741210938
2025-10-15 18:30:00+00:00,664.3200073242188,665.8364868164062,664.1900024414062,665.3599853515625
2025-10-15 19:30:00+00:00,665.3699951171875,665.4600219726562,663.25,665.0800170898438
2025-10-16 13:30:00+00:00,666.8200073242188,668.0800170898438,665.4199829101562,666.9299926757812
2025-10-16 14:30:00+00:00,666.9500122070312,668.7100219726562,665.469970703125,665.8150024414062
2025-10-16 15:30:00+00:00,665.8099975585938,666.780029296875,662.2899780273438,662.469970703125
2025-10-16 16:30:00+00:00,662.47998046875,664.260009765625,659.3300170898438,663.5040283203125
2025-10-16 17:30:00+00:00,663.510009765625,664.0,657.4500122070312,658.385009765625
2025-10-16 18:30:00+00:00,658.3900146484375,660.9298706054688,657.1099853515625,658.9099731445312
2025-10-16 19:30:00+00:00,658.9199829101562,661.25,658.1400146484375,660.6699829101562
2025-10-17 13:30:00+00:00,659.5,663.7150268554688,658.22998046875,662.3099975585938
2025-10-17 14:30:00+00:00,662.3099975585938,662.4000244140625,658.510009765625,659.4199829101562
2025-10-17 15:30:00+00:00,659.4400024414062,663.3599853515625,658.1400146484375,663.1099853515625
2025-10-17 16:30:00+00:00,663.1300048828125,663.635009765625,660.5499877929688,661.1900024414062
2025-10-17 17:30:00+00:00,661.1599731445312,665.0399780273438,660.7100219726562,664.6300048828125
2025-10-17 18:30:00+00:00,664.6500244140625,665.7550048828125,664.030029296875,665.1300048828125
2025-10-17 19:30:00+00:00,665.1300048828125,665.1300048828125,664.030029296875,664.3200073242188
2025-10-20 13:30:00+00:00,667.3200073242188,670.3900146484375,667.27001953125,670.2650146484375
2025-10-20 14:30:00+00:00,670.260009765625,671.4600219726562,669.8099975585938,670.9199829101562
2025-10-20 15:30:00+00:00,670.9299926757812,671.3099975585938,670.1599731445312,670.8099975585938
2025-10-20 16:30:00+00:00,670.8049926757812,672.010009765625,670.2999877929688,671.6099243164062
2025-10-20 17:30:00+00:00,671.6099853515625,672.2100219726562,671.5449829101562,671.8413696289062
2025-10-20 18:30:00+00:00,671.8499755859375,672.030029296875,671.1749877929688,671.7100219726562
2025-10-20 19:30:00+00:00,671.719970703125,672.0999755859375,671.2000122070312,671.260009765625
2025-10-21 13:30:00+00:00,671.4400024414062,671.9000244140625,669.9810180664062,670.5999755859375
2025-10-21 14:30:00+00:00,670.5900268554688,672.7313232421875,670.260009765625,671.9000244140625
2025-10-21 15:30:00+00:00,671.9000244140625,672.6900024414062,671.4000244140625,672.6300048828125
2025-10-21 16:30:00+00:00,672.6500244140625,672.989990234375,670.760009765625,671.6099853515625
2025-10-21 17:30:00+00:00,671.625,672.52001953125,671.25,672.280029296875
2025-10-21 18:30:00+00:00,672.280029296875,672.4299926757812,671.6900024414062,671.905029296875
2025-10-21 19:30:00+00:00,671.9000244140625,672.4000244140625,671.1599731445312,671.25
2025-10-22 13:30:00+00:00,672.0,672.0,669.3250122070312,669.4299926757812
2025-10-22 14:30:00+00:00,669.4500122070312,670.4099731445312,667.5999755859375,667.8499755859375
2025-10-22 15:30:00+00:00,667.8599853515625,669.7650146484375,667.1500244140625,667.6199951171875
2025-10-22 16:30:00+00:00,667.5900268554688,668.219970703125,664.010009765625,665.4199829101562
2025-10-22 17:30:00+00:00,665.4099731445312,666.2000122070312,663.2999877929688,665.673095703125
2025-10-22 18:30:00+00:00,665.6599731445312,667.6400146484375,665.0499877929688,667.4299926757812
2025-10-22 19:30:00+00:00,667.4201049804688,668.3599853515625,667.2999877929688,667.8099975585938
2025-10-23 13:30:00+00:00,668.1199951171875,670.739990234375,667.7999877929688,669.4000244140625
2025-10-23 14:30:00+00:00,669.4000244140625,670.3900146484375,668.989990234375,670.0399780273438
2025-10-23 15:30:00+00:00,670.030029296875,671.0800170898438,668.72998046875,670.5399780273438
2025-10-23 16:30:00+00:00,670.5399780273438,671.6500244140625,670.4000244140625,671.010009765625
2025-10-23 17:30:00+00:00,671.0150146484375,672.5499877929688,670.9902954101562,672.489990234375
2025-10-23 18:30:00+00:00,672.4849853515625,672.7100830078125,672.27001953125,672.4509887695312
2025-10-23 19:30:00+00:00,672.4500122070312,672.4500122070312,671.2999877929688,671.6099853515625
2025-10-24 13:30:00+00:00,676.4600219726562,677.9400024414062,675.6500244140625,676.780029296875
2025-10-24 14:30:00+00:00,676.760009765625,678.3800048828125,675.9099731445312,678.1500244140625
2025-10-24 15:30:00+00:00,678.1900024414062,678.4600219726562,677.469970703125,677.885009765625
2025-10-24 16:30:00+00:00,677.8900146484375,678.2451782226562,677.2100219726562,678.0599975585938
2025-10-24 17:30:00+00:00,678.052001953125,678.4299926757812,677.8699951171875,678.1699829101562
2025-10-24 18:30:00+00:00,678.1599731445312,678.469970703125,677.75,678.2420043945312
2025-10-24 19:30:00+00:00,678.239990234375,678.27001953125,676.7650146484375,677.1099853515625
2025-10-27 13:30:00+00:00,682.72998046875,683.6099853515625,682.114990234375,683.030029296875
2025-10-27 14:30:00+00:00,683.030029296875,683.3699951171875,682.5499877929688,683.3599853515625
2025-10-27 15:30:00+00:00,683.3599853515625,683.780029296875,683.2000122070312,683.5
2025-10-27 16:30:00+00:00,683.510009765625,683.8800048828125,683.1699829101562,683.4398803710938
2025-10-27 17:30:00+00:00,683.4400024414062,683.989990234375,683.3150024414062,683.8499755859375
2025-10-27 18:30:00+00:00,683.85498046875,684.2899780273438,683.85498046875,684.22998046875
2025-10-27 19:30:00+00:00,684.22998046875,685.5399780273438,684.1849975585938,685.1900024414062
2025-10-28 13:30:00+00:00,687.0499877929688,687.2249755859375,685.1199951171875,686.1300048828125
2025-10-28 14:30:00+00:00,686.1199951171875,686.3699951171875,685.3699951171875,685.530029296875
2025-10-28 15:30:00+00:00,685.52001953125,686.2244873046875,684.8300170898438,686.1820068359375
2025-10-28 16:30:00+00:00,686.1799926757812,688.3200073242188,686.0599975585938,687.010009765625
2025-10-28 17:30:00+00:00,687.02001953125,688.4000244140625,686.875,688.051025390625
2025-10-28 18:30:00+00:00,688.0549926757812,688.905029296875,687.780029296875,688.6900024414062
2025-10-28 19:30:00+00:00,688.7000122070312,688.7100219726562,686.905029296875,686.97998046875
2025-10-29 13:30:00+00:00,688.719970703125,689.7000122070312,688.1500244140625,688.97998046875
2025-10-29 14:30:00+00:00,688.97998046875,689.110107421875,687.8099975585938,688.3099975585938
2025-10-29 15:30:00+00:00,688.3200073242188,688.530029296875,687.5900268554688,688.469970703125
2025-10-29 16:30:00+00:00,688.469970703125,688.8099975585938,687.739990234375,687.9299926757812
2025-10-29 17:30:00+00:00,687.8900146484375,688.9400024414062,687.3300170898438,688.010009765625
2025-10-29 18:30:00+00:00,688.0,688.719970703125,682.8699951171875,685.4299926757812
2025-10-29 19:30:00+00:00,685.3900146484375,687.3599853515625,684.0499877929688,687.2999877929688
2025-10-30 13:30:00+00:00,683.9000244140625,685.9400024414062,681.3900146484375,683.469970703125
2025-10-30 14:30:00+00:00,683.4600219726562,685.719970703125,683.4099731445312,684.7999877929688
2025-10-30 15:30:00+00:00,684.7999877929688,685.1500244140625,683.010009765625,684.9299926757812
2025-10-30 16:30:00+00:00,684.9500122070312,684.9500122070312,683.0700073242188,684.4000244140625
2025-10-30 17:30:00+00:00,684.4000244140625,684.6400146484375,682.5399780273438,682.9400024414062
2025-10-30 18:30:00+00:00,682.9299926757812,683.489990234375,680.3400268554688,681.280029296875
2025-10-30 19:30:00+00:00,681.2899780273438,681.9849853515625,679.8599853515625,679.969970703125
2025-10-31 13:30:00+00:00,685.0399780273438,685.0800170898438,682.2100219726562,683.25
2025-10-31 14:30:00+00:00,683.239990234375,684.75,683.0900268554688,683.739990234375
2025-10-31 15:30:00+00:00,683.75,684.1799926757812,680.510009765625,681.77001953125
2025-10-31 16:30:00+00:00,681.760009765625,682.4500122070312,679.239990234375,679.7899780273438
2025-10-31 17:30:00+00:00,679.7999877929688,682.4400024414062,679.4299926757812,682.3099975585938
2025-10-31 18:30:00+00:00,682.3200073242188,684.280029296875,681.72998046875,684.1099853515625
2025-10-31 19:30:00+00:00,684.0900268554688,684.7999877929688,681.9299926757812,681.9749755859375
2025-11-03 14:30:00+00:00,685.6699829101562,685.7999877929688,680.239990234375,680.4600219726562
2025-11-03 15:30:00+00:00,680.4500122070312,682.8599853515625,679.9400024414062,682.0501098632812
2025-11-03 16:30:00+00:00,682.0599975585938,683.9000244140625,681.9500122070312,682.7479858398438
2025-11-03 17:30:00+00:00,682.75,684.2100219726562,682.72998046875,683.6300048828125
2025-11-03 18:30:00+00:00,683.6400146484375,684.22998046875,683.0800170898438,683.260009765625
2025-11-03 19:30:00+00:00,683.25,683.655029296875,682.5800170898438,683.1300048828125
2025-11-03 20:30:00+00:00,683.1400146484375,683.3800048828125,682.4500122070312,683.3499755859375
2025-11-04 14:30:00+00:00,676.1099853515625,679.64501953125,674.6699829101562,679.3200073242188
2025-11-04 15:30:00+00:00,679.3200073242188,679.9600219726562,677.5599975585938,678.2000122070312
2025-11-04 16:30:00+00:00,678.2100219726562,678.6300048828125,675.6799926757812,676.9299926757812
2025-11-04 17:30:00+00:00,676.9299926757812,677.25,674.97998046875,675.25
2025-11-04 18:30:00+00:00,675.25,676.6799926757812,674.7100219726562,676.2949829101562
2025-11-04 19:30:00+00:00,676.2899780273438,676.375,674.5800170898438,675.9600219726562
2025-11-04 20:30:00+00:00,675.969970703125,676.5349731445312,674.614990234375,675.3400268554688
2025-11-05 14:30:00+00:00,674.97998046875,678.0900268554688,674.1699829101562,677.4400024414062
2025-11-05 15:30:00+00:00,677.4349975585938,678.3984985351562,676.760009765625,678.2899780273438
2025-11-05 16:30:00+00:00,678.27001953125,680.0999755859375,678.0850219726562,680.0458984375
2025-11-05 17:30:00+00:00,680.0499877929688,680.8599243164062,679.9400024414062,680.4099731445312
2025-11-05 18:30:00+00:00,680.4000244140625,680.8599853515625,679.739990234375,680.2100219726562
2025-11-05 19:30:00+00:00,680.2100219726562,680.52001953125,679.6699829101562,679.760009765625
2025-11-05 20:30:00+00:00,679.760009765625,679.864990234375,677.4000244140625,677.5
2025-11-06 14:30:00+00:00,676.469970703125,677.3800048828125,672.52001953125,674.5399169921875
2025-11-06 15:30:00+00:00,674.5399780273438,674.6699829101562,670.219970703125,671.4099731445312
2025-11-06 16:30:00+00:00,671.4099731445312,671.4099731445312,668.719970703125,669.5850219726562
2025-11-06 17:30:00+00:00,669.5800170898438,671.5800170898438,669.1300048828125,670.9600219726562
2025-11-06 18:30:00+00:00,670.9400024414062,673.5250244140625,670.9099731445312,673.4000244140625
2025-11-06 19:30:00+00:00,673.3900146484375,673.7000122070312,672.030029296875,672.3200073242188
2025-11-06 20:30:00+00:00,672.3099975585938,672.719970703125,669.530029296875,670.239990234375
2025-11-07 14:30:00+00:00,667.9099731445312,667.97998046875,663.969970703125,665.9299926757812
2025-11-07 15:30:00+00:00,665.9149780273438,666.3099975585938,662.25,662.8250122070312
2025-11-07 16:30:00+00:00,662.8200073242188,664.2750244140625,661.2050170898438,663.5750122070312
2025-11-07 17:30:00+00:00,663.52001953125,665.5750122070312,662.010009765625,665.3099975585938
2025-11-07 18:30:00+00:00,665.2999877929688,666.6799926757812,664.219970703125,666.4500122070312
2025-11-07 19:30:00+00:00,666.47998046875,670.030029296875,666.47998046875,668.6649780273438
2025-11-07 20:30:00+00:00,668.6599731445312,671.0800170898438,668.6599731445312,670.9199829101562
2025-11-10 14:30:00+00:00,677.2349853515625,679.219970703125,677.030029296875,678.8599853515625
2025-11-10 15:30:00+00:00,678.8699951171875,678.989990234375,675.239990234375,675.5549926757812
2025-11-10 16:30:00+00:00,675.5499877929688,677.8499755859375,675.030029296875,677.4650268554688
2025-11-10 17:30:00+00:00,677.4650268554688,680.0499877929688,677.4650268554688,679.4749755859375
2025-11-10 18:30:00+00:00,679.5,680.9555053710938,679.4949951171875,680.781494140625
2025-11-10 19:30:00+00:00,680.780029296875,682.0800170898438,680.5399780273438,681.3099975585938
2025-11-10 20:30:00+00:00,681.2999877929688,682.1799926757812,681.030029296875,681.3200073242188
2025-11-11 14:30:00+00:00,679.9500122070312,680.844970703125,678.8200073242188,679.4550170898438
2025-11-11 15:30:00+00:00,679.4500122070312,680.739990234375,678.72998046875,679.3200073242188
2025-11-11 16:30:00+00:00,679.3599853515625,681.3900146484375,678.760009765625,681.0305786132812
2025-11-11 17:30:00+00:00,681.0499877929688,683.239990234375,680.9500122070312,682.9099731445312
2025-11-11 18:30:00+00:00,682.9099731445312,683.3200073242188,682.1599731445312,683.1300048828125
2025-11-11 19:30:00+00:00,683.1400146484375,683.5499877929688,682.7100219726562,682.9000244140625
2025-11-11 20:30:00+00:00,682.9000244140625,683.5700073242188,682.2949829101562,682.8699951171875
2025-11-12 14:30:00+00:00,684.7899780273438,684.9600219726562,682.8099975585938,683.1950073242188
2025-11-12 15:30:00+00:00,683.2000122070312,683.2598876953125,681.1400146484375,682.4099731445312
2025-11-12 16:30:00+00:00,682.4000244140625,683.010009765625,680.9450073242188,682.469970703125
2025-11-12 17:30:00+00:00,682.469970703125,683.9299926757812,682.3800048828125,683.4949951171875
2025-11-12 18:30:00+00:00,683.5,684.14990234375,682.47998046875,682.72998046875
2025-11-12 19:30:00+00:00,682.739990234375,683.409912109375,682.0919799804688,683.3400268554688
2025-11-12 20:30:00+00:00,683.3400268554688,684.0700073242188,682.66162109375,683.2849731445312
2025-11-13 14:30:00+00:00,680.5,680.8599853515625,677.530029296875,678.9400024414062
2025-11-13 15:30:00+00:00,678.9500122070312,679.030029296875,674.9600219726562,675.72998046875
2025-11-13 16:30:00+00:00,675.719970703125,676.6199951171875,674.219970703125,675.9199829101562
2025-11-13 17:30:00+00:00,675.9000244140625,676.5,672.594970703125,672.8300170898438
2025-11-13 18:30:00+00:00,672.8200073242188,673.5499877929688,671.52001953125,673.5399780273438
2025-11-13 19:30:00+00:00,673.510009765625,673.6300048828125,670.52001953125,671.6300048828125
2025-11-13 20:30:00+00:00,671.6199951171875,673.02001953125,670.760009765625,672.0499877929688
2025-11-14 14:30:00+00:00,665.3800048828125,669.9600219726562,663.2650146484375,669.7899780273438
2025-11-14 15:30:00+00:00,669.780029296875,674.8699951171875,669.1599731445312,674.39501953125
2025-11-14 16:30:00+00:00,674.4000244140625,675.6400146484375,672.760009765625,675.0499877929688
2025-11-14 17:30:00+00:00,675.0549926757812,675.6599731445312,672.1400146484375,673.1300048828125
2025-11-14 18:30:00+00:00,673.1099853515625,674.4400024414062,671.489990234375,674.0198974609375
2025-11-14 19:30:00+00:00,674.02001953125,675.1199951171875,672.2100219726562,672.64501953125
2025-11-14 20:30:00+00:00,672.6400146484375,673.1099853515625,671.1699829101562,671.9500122070312
2025-11-17 14:30:00+00:00,669.0,673.7100219726562,668.9500122070312,672.0599975585938
2025-11-17 15:30:00+00:00,672.0399780273438,672.3699951171875,667.77001953125,670.4749755859375
2025-11-17 16:30:00+00:00,670.47998046875,673.0,670.3720092773438,672.3101196289062
2025-11-17 17:30:00+00:00,672.3300170898438,672.5900268554688,668.219970703125,668.7100219726562
2025-11-17 18:30:00+00:00,668.7000122070312,669.9099731445312,664.969970703125,665.8394775390625
2025-11-17 19:30:00+00:00,665.8300170898438,666.1414794921875,662.1699829101562,663.739990234375
2025-11-17 20:30:00+00:00,663.760009765625,665.780029296875,663.094970703125,665.6900024414062
2025-11-18 14:30:00+00:00,662.094970703125,664.260009765625,656.7999877929688,659.0850219726562
2025-11-18 15:30:00+00:00,659.0800170898438,661.8699951171875,655.8599853515625,661.5750122070312
2025-11-18 16:30:00+00:00,661.5599975585938,662.3699951171875,658.5599975585938,658.6199951171875
2025-11-18 17:30:00+00:00,658.6099853515625,664.4600219726562,657.9099731445312,663.3300170898438
2025-11-18 18:30:00+00:00,663.3499755859375,665.1199951171875,662.5700073242188,662.9299926757812
2025-11-18 19:30:00+00:00,662.9299926757812,664.9600219726562,661.5,662.4199829101562
2025-11-18 20:30:00+00:00,662.4199829101562,662.780029296875,660.0,660.1400146484375
2025-11-19 14:30:00+00:00,660.780029296875,667.3400268554688,660.1099853515625,666.25
2025-11-19 15:30:00+00:00,666.27001953125,666.5545043945312,661.280029296875,662.010009765625
2025-11-19 16:30:00+00:00,662.02001953125,662.97998046875,660.22998046875,661.1699829101562
2025-11-19 17:30:00+00:00,661.1799926757812,662.6199951171875,658.7449951171875,661.0200805664062
2025-11-19 18:30:00+00:00,661.010009765625,663.3300170898438,659.47998046875,659.7999877929688
2025-11-19 19:30:00+00:00,659.7899780273438,664.4000244140625,659.3300170898438,663.5
2025-11-19 20:30:00+00:00,663.5,664.760009765625,661.739990234375,662.6500244140625
2025-11-20 14:30:00+00:00,672.9099731445312,675.4099731445312,672.469970703125,674.8300170898438
2025-11-20 15:30:00+00:00,674.8300170898438,675.5599975585938,667.4199829101562,667.9000244140625
2025-11-20 16:30:00+00:00,667.8900146484375,668.1699829101562,656.5999755859375,658.5700073242188
2025-11-20 17:30:00+00:00,658.5499877929688,661.969970703125,655.4500122070312,659.5800170898438
2025-11-20 18:30:00+00:00,659.5499877929688,660.0,653.8599853515625,657.010009765625
2025-11-20 19:30:00+00:00,656.97998046875,658.25,655.2100219726562,656.2000122070312
2025-11-20 20:30:00+00:00,656.2000122070312,656.5599975585938,651.8900146484375,652.530029296875
2025-11-21 14:30:00+00:00,655.0499877929688,656.469970703125,652.3400268554688,653.0800170898438
2025-11-21 15:30:00+00:00,653.0900268554688,655.969970703125,650.8499755859375,655.9299926757812
2025-11-21 16:30:00+00:00,655.9299926757812,661.1900024414062,655.219970703125,660.3800048828125
2025-11-21 17:30:00+00:00,660.3825073242188,661.5117797851562,656.8800048828125,658.3599853515625
2025-11-21 18:30:00+00:00,658.3499755859375,664.5499877929688,658.0,664.22998046875
2025-11-21 19:30:00+00:00,664.2100219726562,664.52001953125,659.6199951171875,659.6300048828125
2025-11-21 20:30:00+00:00,659.5999755859375,661.25,658.22998046875,659.0599975585938
2025-11-24 14:30:00+00:00,662.6900024414062,665.780029296875,661.5900268554688,665.5449829101562
2025-11-24 15:30:00+00:00,665.510009765625,668.3900146484375,664.9500122070312,667.969970703125
2025-11-24 16:30:00+00:00,667.9600219726562,668.4896850585938,666.9000244140625,668.1856079101562
2025-11-24 17:30:00+00:00,668.1799926757812,669.75,667.9400024414062,669.1900024414062
2025-11-24 18:30:00+00:00,669.1799926757812,669.8099975585938,668.6900024414062,668.89990234375
2025-11-24 19:30:00+00:00,668.9000244140625,669.489990234375,667.8699951171875,668.9400024414062
2025-11-24 20:30:00+00:00,668.9299926757812,670.0599975585938,668.6099853515625,668.8099975585938
2025-11-25 14:30:00+00:00,668.6300048828125,669.97998046875,664.47998046875,668.5800170898438
2025-11-25 15:30:00+00:00,668.5399780273438,671.0700073242188,668.4400024414062,670.4199829101562
2025-11-25 16:30:00+00:00,670.4099731445312,673.8800048828125,670.219970703125,673.3200073242188
2025-11-25 17:30:00+00:00,673.3099975585938,674.375,673.1500244140625,674.0250244140625
2025-11-25 18:30:00+00:00,674.030029296875,674.4000244140625,672.7000122070312,673.3200073242188
2025-11-25 19:30:00+00:00,673.3200073242188,674.7899780273438,672.4400024414062,674.5
2025-11-25 20:30:00+00:00,674.510009765625,676.2100219726562,674.4550170898438,675.0
2025-11-26 14:30:00+00:00,677.6300048828125,679.47998046875,676.719970703125,678.1300048828125
2025-11-26 15:30:00+00:00,678.1500244140625,680.8699951171875,678.0606079101562,680.530029296875
2025-11-26 16:30:00+00:00,680.530029296875,681.6900024414062,680.2899780273438,680.9400024414062
2025-11-26 17:30:00+00:00,680.9400024414062,681.7000122070312,679.75,681.1099853515625
2025-11-26 18:30:00+00:00,681.114990234375,681.2899780273438,679.5900268554688,681.239990234375
2025-11-26 19:30:00+00:00,681.25,681.5900268554688,680.489990234375,681.2000122070312
2025-11-26 20:30:00+00:00,681.2000122070312,681.4000244140625,679.6199951171875,679.6300048828125
2025-11-28 14:30:00+00:00,680.8599853515625,682.3200073242188,680.5,681.6900024414062
2025-11-28 15:30:00+00:00,681.6900024414062,682.9400024414062,681.6099853515625,682.1500244140625
2025-11-28 16:30:00+00:00,682.1599731445312,683.0,681.7999877929688,682.3150024414062
2025-12-01 14:30:00+00:00,678.8099975585938,681.8599853515625,678.739990234375,679.8300170898438
2025-12-01 15:30:00+00:00,679.8400268554688,681.8300170898438,678.8400268554688,681.0798950195312
2025-12-01 16:30:00+00:00,681.0800170898438,682.510009765625,681.0700073242188,682.010009765625
2025-12-01 17:30:00+00:00,682.0,682.7899780273438,681.72998046875,682.47998046875
2025-12-01 18:30:00+00:00,682.5,682.989990234375,680.47998046875,680.5999755859375
2025-12-01 19:30:00+00:00,680.60498046875,681.094970703125,679.8200073242188,680.72998046875
2025-12-01 20:30:00+00:00,680.719970703125,681.0700073242188,679.375,680.27001953125
2025-12-02 14:30:00+00:00,681.9199829101562,683.280029296875,681.4199829101562,681.5800170898438
2025-12-02 15:30:00+00:00,681.5900268554688,683.8200073242188,679.6699829101562,680.010009765625
2025-12-02 16:30:00+00:00,679.969970703125,682.6500244140625,679.3275146484375,682.4400024414062
2025-12-02 17:30:00+00:00,682.4400024414062,682.8400268554688,679.9299926757812,681.0399780273438
2025-12-02 18:30:00+00:00,681.030029296875,681.9400024414062,680.219970703125,681.3900146484375
2025-12-02 19:30:00+00:00,681.3699951171875,682.7000122070312,681.2999877929688,682.5050048828125
2025-12-02 20:30:00+00:00,682.5,682.8800048828125,681.3699951171875,681.47998046875
2025-12-03 14:30:00+00:00,680.5700073242188,682.3400268554688,679.6900024414062,681.6799926757812
2025-12-03 15:30:00+00:00,681.6500244140625,682.989990234375,681.3298950195312,682.385009765625
2025-12-03 16:30:00+00:00,682.385009765625,683.7000122070312,681.6099853515625,683.5599975585938
2025-12-03 17:30:00+00:00,683.5499877929688,684.1849975585938,683.25,683.9099731445312
2025-12-03 18:30:00+00:00,683.9299926757812,684.5,683.78662109375,684.3300170898438
2025-12-03 19:30:00+00:00,684.3300170898438,684.9099731445312,684.1649780273438,684.522705078125
2025-12-03 20:30:00+00:00,684.5250244140625,684.6199951171875,683.5499877929688,683.8099975585938
2025-12-04 14:30:00+00:00,685.2999877929688,685.3499755859375,682.1699829101562,683.594970703125
2025-12-04 15:30:00+00:00,683.5900268554688,684.5599975585938,682.2100219726562,683.351318359375
2025-12-04 16:30:00+00:00,683.3099975585938,684.5800170898438,682.8599853515625,684.02001953125
2025-12-04 17:30:00+00:00,684.030029296875,684.77001953125,683.4650268554688,684.6774291992188
2025-12-04 18:30:00+00:00,684.6699829101562,684.75,681.3400268554688,682.1799926757812
2025-12-04 19:30:00+00:00,682.1900024414062,683.9600219726562,681.989990234375,682.7501220703125
2025-12-04 20:30:00+00:00,682.760009765625,684.5800170898438,682.7000122070312,684.4000244140625
2025-12-05 14:30:00+00:00,685.469970703125,688.2999877929688,685.3200073242188,687.885009765625
2025-12-05 15:30:00+00:00,687.8800048828125,688.3900146484375,685.7000122070312,685.9561767578125
2025-12-05 16:30:00+00:00,685.9500122070312,686.6400146484375,685.02001953125,685.3900146484375
2025-12-05 17:30:00+00:00,685.4099731445312,686.7050170898438,684.5800170898438,686.5499877929688
2025-12-05 18:30:00+00:00,686.5599975585938,686.969970703125,685.639892578125,685.9299926757812
2025-12-05 19:30:00+00:00,685.9400024414062,686.3800048828125,685.5700073242188,686.0050048828125
2025-12-05 20:30:00+00:00,686.0,686.030029296875,684.5999755859375,685.6500244140625
2025-12-08 14:30:00+00:00,686.5900268554688,686.6400146484375,683.8723754882812,684.5549926757812
2025-12-08 15:30:00+00:00,684.5399780273438,685.0499877929688,682.9099731445312,684.0900268554688
2025-12-08 16:30:00+00:00,684.0800170898438,684.1199951171875,682.1900024414062,682.6900024414062
2025-12-08 17:30:00+00:00,682.6900024414062,684.4000244140625,682.5999755859375,682.8300170898438
2025-12-08 18:30:00+00:00,682.8300170898438,683.14501953125,681.5700073242188,682.2449951171875
2025-12-08 19:30:00+00:00,682.22998046875,682.8200073242188,682.1500244140625,682.6400146484375
2025-12-08 20:30:00+00:00,682.6400146484375,683.760009765625,682.0599975585938,683.6500244140625
2025-12-09 14:30:00+00:00,683.1500244140625,684.9400024414062,682.8200073242188,684.2150268554688
2025-12-09 15:30:00+00:00,684.2000122070312,685.3400268554688,683.5850219726562,684.8099975585938
2025-12-09 16:30:00+00:00,684.8099975585938,685.385009765625,684.27001953125,684.6500244140625
2025-12-09 17:30:00+00:00,684.6500244140625,684.8599243164062,683.6199951171875,684.239990234375
2025-12-09 18:30:00+00:00,684.239990234375,684.344970703125,683.3499755859375,683.72998046875
2025-12-09 19:30:00+00:00,683.72998046875,683.8526000976562,683.2000122070312,683.3250122070312
2025-12-09 20:30:00+00:00,683.3200073242188,683.6099853515625,682.5900268554688,683.0499877929688
2025-12-10 14:30:00+00:00,682.5599975585938,683.4600219726562,681.3099975585938,682.989990234375
2025-12-10 15:30:00+00:00,682.989990234375,683.8699951171875,681.4500122070312,683.719970703125
2025-12-10 16:30:00+00:00,683.719970703125,683.8400268554688,682.9500122070312,683.1400146484375
2025-12-10 17:30:00+00:00,683.1199951171875,684.219970703125,682.7000122070312,682.8900146484375
2025-12-10 18:30:00+00:00,682.8800048828125,685.739990234375,682.4450073242188,684.2100219726562
2025-12-10 19:30:00+00:00,684.2100219726562,688.8300170898438,683.3599853515625,688.1199951171875
2025-12-10 20:30:00+00:00,688.0999755859375,688.969970703125,687.219970703125,687.4600219726562
2025-12-11 14:30:00+00:00,685.1400146484375,686.7994995117188,682.1649780273438,686.260009765625
2025-12-11 15:30:00+00:00,686.27001953125,686.4500122070312,684.0700073242188,684.60498046875
2025-12-11 16:30:00+00:00,684.6099853515625,687.9099731445312,684.5399780273438,687.35498046875
2025-12-11 17:30:00+00:00,687.3499755859375,688.1900024414062,686.97998046875,687.625
2025-12-11 18:30:00+00:00,687.6199951171875,688.7899780273438,687.2999877929688,688.6799926757812
2025-12-11 19:30:00+00:00,688.6799926757812,689.25,688.4099731445312,688.4349975585938
2025-12-11 20:30:00+00:00,688.4400024414062,689.1799926757812,687.989990234375,689.1500244140625
2025-12-12 14:30:00+00:00,688.1699829101562,688.8800048828125,683.6300048828125,683.75
2025-12-12 15:30:00+00:00,683.75,685.6099853515625,679.7000122070312,681.27001953125
2025-12-12 16:30:00+00:00,681.27001953125,683.02001953125,679.1743774414062,681.4600219726562
2025-12-12 17:30:00+00:00,681.4400024414062,684.3400268554688,680.9450073242188,683.8800048828125
2025-12-12 18:30:00+00:00,683.8800048828125,683.9000244140625,681.2100219726562,681.4749755859375
2025-12-12 19:30:00+00:00,681.489990234375,682.5150146484375,681.0999755859375,681.3599853515625
2025-12-12 20:30:00+00:00,681.369873046875,681.8699951171875,680.0700073242188,681.72998046875
2025-12-15 14:30:00+00:00,685.739990234375,685.760009765625,679.25,679.8200073242188
2025-12-15 15:30:00+00:00,679.8200073242188,683.0599975585938,679.5900268554688,682.7899780273438
2025-12-15 16:30:00+00:00,682.7899780273438,682.9199829101562,680.1400146484375,680.6500244140625
2025-12-15 17:30:00+00:00,680.6500244140625,681.4500122070312,679.4199829101562,679.97998046875
2025-12-15 18:30:00+00:00,679.97998046875,681.5496826171875,679.6199951171875,680.8355102539062
2025-12-15 19:30:00+00:00,680.8350219726562,681.780029296875,680.4400024414062,681.0700073242188
2025-12-15 20:30:00+00:00,681.0900268554688,681.5999755859375,680.5499877929688,680.7100219726562
2025-12-16 14:30:00+00:00,679.22998046875,681.0800170898438,676.4400024414062,677.6900024414062
2025-12-16 15:30:00+00:00,677.7100219726562,679.4149780273438,676.8099975585938,677.135009765625
2025-12-16 16:30:00+00:00,677.1400146484375,678.9400024414062,676.6099853515625,677.3800048828125
2025-12-16 17:30:00+00:00,677.3748168945312,678.280029296875,674.97998046875,675.5900268554688
2025-12-16 18:30:00+00:00,675.5900268554688,678.6099853515625,675.5599975585938,677.0499877929688
2025-12-16 19:30:00+00:00,677.0399780273438,679.260009765625,676.9299926757812,679.2000122070312
2025-12-16 20:30:00+00:00,679.1950073242188,680.5599975585938,678.8200073242188,678.8599853515625
2025-12-17 14:30:00+00:00,679.8900146484375,680.4349975585938,677.5999755859375,678.9299926757812
2025-12-17 15:30:00+00:00,678.9199829101562,679.1699829101562,673.4299926757812,674.635009765625
2025-12-17 16:30:00+00:00,674.6300048828125,675.0499877929688,673.0700073242188,674.1500244140625
2025-12-17 17:30:00+00:00,674.1599731445312,675.0700073242188,673.0,673.3699951171875
2025-12-17 18:30:00+00:00,673.3599853515625,673.6199951171875,672.0549926757812,672.469970703125
2025-12-17 19:30:00+00:00,672.4600219726562,673.3200073242188,672.219970703125,672.52001953125
2025-12-17 20:30:00+00:00,672.530029296875,673.0,671.1950073242188,671.2999877929688
2025-12-18 14:30:00+00:00,677.5999755859375,679.1099853515625,675.6900024414062,679.010009765625
2025-12-18 15:30:00+00:00,679.010009765625,680.739990234375,678.6799926757812,679.7449951171875
2025-12-18 16:30:00+00:00,679.739990234375,680.7100219726562,674.9000244140625,675.780029296875
2025-12-18 17:30:00+00:00,675.7899780273438,679.0900268554688,675.47998046875,678.8250122070312
2025-12-18 18:30:00+00:00,678.8300170898438,679.7000122070312,676.5900268554688,677.1500244140625
2025-12-18 19:30:00+00:00,677.1599731445312,677.8499755859375,675.3200073242188,677.6300048828125
2025-12-18 20:30:00+00:00,677.6199951171875,678.5499877929688,676.4099731445312,676.47998046875
2025-12-19 14:30:00+00:00,677.0,680.52001953125,677.0,679.1900024414062
2025-12-19 15:30:00+00:00,679.1900024414062,680.2750244140625,678.5599975585938,680.1699829101562
2025-12-19 16:30:00+00:00,680.1900024414062,680.8350219726562,679.3400268554688,680.6799926757812
2025-12-19 17:30:00+00:00,680.6900024414062,681.0900268554688,680.3099975585938,680.75
2025-12-19 18:30:00+00:00,680.77001953125,680.8599853515625,680.1699829101562,680.6400146484375
2025-12-19 19:30:00+00:00,680.6400146484375,681.0,680.3400268554688,680.4849853515625
2025-12-19 20:30:00+00:00,680.489990234375,680.719970703125,679.6099853515625,680.5900268554688
2025-12-22 14:30:00+00:00,683.9400024414062,684.530029296875,682.8900146484375,683.77001953125
2025-12-22 15:30:00+00:00,683.77001953125,684.9749755859375,682.6799926757812,684.6699829101562
2025-12-22 16:30:00+00:00,684.6699829101562,685.0800170898438,684.3599853515625,684.6500244140625
2025-12-22 17:30:00+00:00,684.6500244140625,685.3599853515625,684.3499755859375,684.7150268554688
2025-12-22 18:30:00+00:00,684.7100219726562,684.9099731445312,684.2050170898438,684.719970703125
2025-12-22 19:30:00+00:00,684.72998046875,685.0399780273438,684.6649780273438,684.9249877929688
2025-12-22 20:30:00+00:00,684.9249877929688,685.14990234375,684.6099853515625,684.7899780273438
2025-12-23 14:30:00+00:00,683.9199829101562,686.25,683.8699951171875,685.239990234375
2025-12-23 15:30:00+00:00,685.239990234375,686.739990234375,685.2302856445312,686.4920043945312
2025-12-23 16:30:00+00:00,686.4949951171875,687.219970703125,686.3599853515625,687.0700073242188
2025-12-23 17:30:00+00:00,687.0599975585938,687.7299194335938,686.7899780273438,687.5449829101562
2025-12-23 18:30:00+00:00,687.5499877929688,687.9199829101562,687.4949951171875,687.875
2025-12-23 19:30:00+00:00,687.8699951171875,688.030029296875,687.7100219726562,687.8499755859375
2025-12-23 20:30:00+00:00,687.8400268554688,688.2000122070312,687.6400146484375,687.9099731445312
2025-12-24 14:30:00+00:00,687.969970703125,689.2150268554688,687.8900146484375,689.1649780273438
2025-12-24 15:30:00+00:00,689.1599731445312,689.97998046875,689.0125122070312,689.9650268554688
2025-12-24 16:30:00+00:00,689.9650268554688,690.6400146484375,689.8892211914062,690.5349731445312
2025-12-26 14:30:00+00:00,690.6400146484375,691.6599731445312,689.6500244140625,690.7349853515625
2025-12-26 15:30:00+00:00,690.72998046875,691.0001220703125,689.8004150390625,690.2640991210938
2025-12-26 16:30:00+00:00,690.27001953125,690.3300170898438,689.3900146484375,690.1400146484375
2025-12-26 17:30:00+00:00,690.1300048828125,690.2000122070312,689.27001953125,689.6970825195312
2025-12-26 18:30:00+00:00,689.6900024414062,690.4600219726562,689.6500244140625,690.0418090820312
2025-12-26 19:30:00+00:00,690.0399780273438,690.3400268554688,690.0374755859375,690.2000122070312
2025-12-26 20:30:00+00:00,690.2000122070312,690.5,690.0050048828125,690.2449951171875
2025-12-29 14:30:00+00:00,687.5399780273438,689.2000122070312,686.8200073242188,687.9500122070312
2025-12-29 15:30:00+00:00,687.9400024414062,688.4000244140625,686.8900146484375,687.169921875
2025-12-29 16:30:00+00:00,687.1599731445312,687.489990234375,686.0700073242188,686.27001953125
2025-12-29 17:30:00+00:00,686.27001953125,687.5449829101562,686.1799926757812,687.3300170898438
2025-12-29 18:30:00+00:00,687.3300170898438,687.8900146484375,686.8699951171875,687.4600219726562
2025-12-29 19:30:00+00:00,687.4500122070312,688.6199951171875,687.4299926757812,688.1799926757812
2025-12-29 20:30:00+00:00,688.1799926757812,688.405029296875,687.4000244140625,687.8400268554688
2025-12-30 14:30:00+00:00,687.4450073242188,688.530029296875,686.75,686.9400024414062
2025-12-30 15:30:00+00:00,686.9400024414062,688.5549926757812,686.5800170898438,688.2471923828125
2025-12-30 16:30:00+00:00,688.239990234375,688.27001953125,686.8699951171875,687.3800048828125
2025-12-30 17:30:00+00:00,687.3800048828125,687.7899780273438,687.1950073242188,687.7692260742188
2025-12-30 18:30:00+00:00,687.760009765625,687.9299926757812,687.4199829101562,687.8099975585938
2025-12-30 19:30:00+00:00,687.8099975585938,687.9400024414062,687.0399780273438,687.510009765625
2025-12-30 20:30:00+00:00,687.510009765625,687.8150024414062,686.7000122070312,686.9400024414062
2025-12-31 14:30:00+00:00,687.1400146484375,687.3599853515625,684.9149780273438,685.5499877929688
2025-12-31 15:30:00+00:00,685.5399780273438,685.655029296875,684.1799926757812,685.1199951171875
2025-12-31 16:30:00+00:00,685.125,685.4299926757812,684.6099853515625,685.0
2025-12-31 17:30:00+00:00,684.989990234375,685.3900146484375,684.6500244140625,685.3698120117188
2025-12-31 18:30:00+00:00,685.3687744140625,686.239990234375,685.010009765625,685.0349731445312
2025-12-31 19:30:00+00:00,685.0399780273438,685.1400146484375,682.5449829101562,682.719970703125
2025-12-31 20:30:00+00:00,682.719970703125,683.719970703125,681.7100219726562,681.8400268554688
2026-01-02 14:30:00+00:00,685.7100219726562,686.8699951171875,681.5800170898438,682.4500122070312
2026-01-02 15:30:00+00:00,682.4500122070312,684.5900268554688,680.4199829101562,681.8099975585938
2026-01-02 16:30:00+00:00,681.8099975585938,682.6500244140625,680.280029296875,682.4500122070312
2026-01-02 17:30:00+00:00,682.4500122070312,682.8009033203125,680.6400146484375,680.97998046875
2026-01-02 18:30:00+00:00,680.97998046875,683.1199951171875,679.8200073242188,682.9500122070312
2026-01-02 19:30:00+00:00,682.9400024414062,683.9500122070312,682.8499755859375,683.239990234375
2026-01-02 20:30:00+00:00,683.239990234375,683.4199829101562,682.0700073242188,683.1699829101562
2026-01-05 14:30:00+00:00,686.5399780273438,688.6099853515625,686.375,688.5255737304688
2026-01-05 15:30:00+00:00,688.52001953125,688.8699951171875,687.9600219726562,688.6400146484375
2026-01-05 16:30:00+00:00,688.6300048828125,689.4299926757812,688.2100219726562,688.3499755859375
2026-01-05 17:30:00+00:00,688.3599243164062,688.7899780273438,687.6500244140625,688.3800048828125
2026-01-05 18:30:00+00:00,688.3599853515625,688.7750244140625,688.1300048828125,688.1849975585938
2026-01-05 19:30:00+00:00,688.1900024414062,688.2999267578125,687.2899780273438,687.9660034179688
2026-01-05 20:30:00+00:00,687.9650268554688,688.1199951171875,687.1599731445312,687.72998046875
2026-01-06 14:30:00+00:00,688.4000244140625,690.7999267578125,687.780029296875,690.5349731445312
2026-01-06 15:30:00+00:00,690.5549926757812,690.5549926757812,688.4299926757812,689.0449829101562
2026-01-06 16:30:00+00:00,689.0499877929688,690.5700073242188,688.7366943359375,690.469970703125
2026-01-06 17:30:00+00:00,690.6300048828125,691.2000122070312,690.5399780273438,690.8701782226562
2026-01-06 18:30:00+00:00,690.8800048828125,692.1199951171875,690.6771850585938,691.9400024414062
2026-01-06 19:30:00+00:00,691.947998046875,692.239990234375,691.8200073242188,692.02001953125
2026-01-06 20:30:00+00:00,691.9500122070312,692.3150024414062,691.9450073242188,692.0499877929688
2026-01-07 14:30:00+00:00,692.1900024414062,693.0900268554688,691.0999755859375,691.6719970703125
2026-01-07 15:30:00+00:00,691.6699829101562,692.8250122070312,690.9600219726562,692.25
2026-01-07 16:30:00+00:00,692.25,693.9600219726562,692.1682739257812,693.6596069335938
2026-01-07 17:30:00+00:00,693.6599731445312,693.7899780273438,692.0399780273438,692.1300048828125
2026-01-07 18:30:00+00:00,692.1300048828125,693.14501953125,691.4500122070312,691.6799926757812
2026-01-07 19:30:00+00:00,691.6799926757812,692.1599731445312,690.1174926757812,690.3599853515625
2026-01-07 20:30:00+00:00,690.3599853515625,690.3699951171875,689.3200073242188,689.5900268554688
2026-01-08 14:30:00+00:00,688.6099853515625,690.02001953125,687.489990234375,689.6300048828125
2026-01-08 15:30:00+00:00,689.6500244140625,689.9749755859375,688.510009765625,689.0800170898438
2026-01-08 16:30:00+00:00,689.0800170898438,690.0850219726562,688.4400024414062,689.3499755859375
2026-01-08 17:30:00+00:00,689.3499755859375,690.614990234375,688.7899780273438,689.5
2026-01-08 18:30:00+00:00,689.5,689.8049926757812,688.280029296875,688.9199829101562
2026-01-08 19:30:00+00:00,688.9299926757812,689.6500244140625,688.5700073242188,689.5750122070312
2026-01-08 20:30:00+00:00,689.5700073242188,690.0549926757812,689.2550048828125,689.4400024414062
2026-01-09 14:30:00+00:00,690.6300048828125,693.3400268554688,689.1799926757812,693.125
2026-01-09 15:30:00+00:00,693.1300048828125,693.6500244140625,691.280029296875,692.8599243164062
2026-01-09 16:30:00+00:00,692.8499755859375,694.3800048828125,692.5449829101562,694.219970703125
2026-01-09 17:30:00+00:00,694.22998046875,694.5,693.3599853515625,693.8699951171875
2026-01-09 18:30:00+00:00,693.8699951171875,694.889892578125,693.85498046875,694.8099975585938
2026-01-09 19:30:00+00:00,694.8049926757812,695.3099975585938,694.7100219726562,695.0250244140625
2026-01-09 20:30:00+00:00,695.02001953125,695.1199951171875,693.9000244140625,693.989990234375
